{
    "name": "bfh-timepicker",
    "title": "Bootstrap Form Helpers Time Picker",
    "description": "Time Picker jQuery plugin for Bootstrap.",
    "keywords": [
        "form",
        "input",
        "timepicker",
        "bootstrap"
    ],
    "version": "2.2.0",
    "author": {
        "name": "Vincent Lamanna",
        "url": "http://vincentlamanna.com"
    },
    "licenses": [
        {
            "type": "Apache License v2.0",
            "url": "http://www.apache.org/licenses/LICENSE-2.0"
        }
    ],
    "bugs": "https://github.com/vlamanna/BootstrapFormHelpers/issues",
    "homepage": "http://bootstrapformhelpers.com",
    "docs": "http://bootstrapformhelpers.com/timepicker/",
    "download": "https://github.com/vlamanna/BootstrapFormHelpers/archive/master.zip",
    "dependencies": {
        "jquery": ">=1.7"
    }
}